temperature,humidity,soil_moisture,light_intensity,water_level
23.745401188473625,59.01428612819832,59.279757672456206,598.6584841970366,32.48149123539492
21.559945203362027,41.16167224336399,64.64704583099741,601.1150117432088,76.64580622368364
20.205844942958024,59.39819704323989,63.29770563201687,212.33911067827614,34.54599737656805
21.83404509853434,46.08484485919075,50.990257265289515,431.94501864211577,43.298331215843355
26.118528947223794,42.78987721304084,41.685785941408724,366.3618432936917,56.48559873736288
27.851759613930135,43.993475643167194,50.569377536544465,592.4145688620424,23.71603301759982
26.075448519014383,43.41048247374583,32.60206371941118,948.8855372533333,97.25056264596475
28.083973481164612,46.09227538346742,33.90688456025536,684.2330265121569,55.21219949916811
21.22038234844779,49.903538202225405,31.375540844608736,909.3204020787821,40.70239852800135
26.62522284353982,46.23422152178822,50.80272084711243,546.7102793432797,34.788356442042165
29.695846277645586,55.502656467222295,67.57995766256757,894.8273504276489,67.83199830488681
29.218742350231167,41.76985004103839,37.83931449676581,45.227288910538064,46.02642646106115
23.88677289689482,45.42698063547792,63.14950036607718,356.75332669358926,42.47476077499046
25.426960831582484,42.818484499495256,62.08787923016159,74.55064367977083,98.95095492804138
27.722447692966576,43.97431363068345,30.220884684944096,815.4614284548342,76.54858750780937
27.290071680409874,55.42540693371892,32.96178606936361,358.4657285442726,29.269524762010377
28.631034258755935,52.46596253655116,43.23592099410597,63.55835028602363,44.878585737252976
23.25183322026747,54.59212356676128,55.502298854208526,887.2127425763265,57.777194012955945
21.195942459383016,54.2648957444599,60.4314019446759,561.2771975694963,81.67737439636488
24.93795596364391,50.45465658763988,47.101640734341984,25.419126744095188,28.631314159464356
20.314291856867342,52.72820822527561,42.574239243053064,508.5706911647028,92.60531791408744
22.49292229148875,48.207658460712594,60.22204554172195,228.79816549162246,26.158392786303438
22.89751452913768,43.22442574508009,67.18790609370292,808.1203795644169,70.67230052083387
28.714605901877178,56.07344153798229,37.46280235544143,892.5589984899777,63.147379353252056
28.074401551640626,57.92182599846986,42.72013899887455,110.05192452767676,38.234813003355335
24.271077886262564,56.360295318449865,64.42922333025373,6.952130531190703,60.85978420620526
24.17411003148779,44.442156209414605,34.79461469334731,337.615171403628,95.43277631300154
23.232029320207552,50.37581243486732,58.12075835580711,363.629602379294,97.74256661767686
29.62447294942111,45.035645916507285,49.88994023569542,300.8783098167697,42.78723955019741
20.368869473545328,52.19128667959794,50.10716092915446,51.47875124998935,42.29171713892892
29.082658859666537,44.79123781333945,35.795794883648924,489.452760277563,98.85203632884806
22.420552715115004,53.44271094811757,60.4647846131487,237.63754399239966,78.25730788894876
23.677831327192532,52.64611661187159,55.341188430435786,535.7746840747585,27.223181604352664
28.35302495589238,46.41560129943472,37.46074041599417,40.77514155476392,67.27143545505935
26.775643618422823,40.331756578557126,50.48372233197124,226.49577519793795,71.61382323275599
21.743664290049914,53.818754762049316,45.469413852021496,936.7299887367345,31.00167553167946
23.410663510502584,42.26947042481178,66.98774473114251,877.339353380981,40.63533021721245
26.59984046034179,56.34444400402432,52.20803246397849,529.6505783560065,39.34818327203614
20.931027678058992,57.944315159066534,66.01672228653322,633.1014572732679,47.122383283896056
23.49209574612661,54.51911357740479,65.88441039810309,887.0864242651173,82.3900436686099
26.42031646154288,41.68279929990098,36.46514856378455,898.5541885270792,68.5143247727672
20.091970516166295,42.02943085732064,56.54007076432223,5.061583846218687,32.86464411339989
25.48733789366586,53.83790395385387,56.07845038010402,224.26930946055978,76.97433770780287
22.372490874968,46.507993963185356,59.85965620472096,649.6328990472147,87.93787283953424
26.576128923003434,51.36617206670943,33.7469907131237,367.71580305943354,41.216189414538036
22.439896433790835,59.46021109504891,45.723908986670416,892.0465551771133,70.49109007978103
27.948113035416483,50.052741862103844,53.07615538505436,492.5176938188639,35.61943902384356
27.224521152615054,45.61544724881712,30.972638657258152,645.4722959071678,34.16885435256391
29.404585843529144,59.07857154005175,66.59457560881793,370.1587002554444,21.236529322309394
29.283185625877255,48.563682966346285,68.66619276174679,963.6199770892529,88.24075643738881
22.944488920695857,47.7019545720385,64.04546686067428,316.9220051562777,33.5594197348874
25.568012624583503,58.723095483215616,57.84119186699892,570.061170089365,27.77411950166148
26.150072266991696,59.801077002085265,35.603360609460964,518.3296523637367,90.18984575423643
27.407686177542043,53.94031481990536,58.09936335948437,359.4911512197552,43.487347541159465
28.093611554785134,56.20226789358362,64.68289274320415,913.2405525564712,60.90739190887503
25.015162946871996,55.9659035793355,55.99855723111061,701.9668772577033,83.66341355488808
28.900053418175663,46.75990313703072,45.02331810559776,93.981939840869,66.26241127969392
20.35942273796742,49.3119603626492,51.70578538830306,286.5412521282844,67.26666084552086
20.305002499390493,40.74696377498429,62.904022426386334,360.1906414112629,30.16484101215078
25.222432600548043,55.39987106197222,38.63284109987373,622.8904758190002,26.82779719950144
20.516817211686078,50.62709263136296,51.62540486440426,637.4299014982065,78.08730669781292
29.758520794625348,50.326006966023904,42.91825891764984,795.1861947687037,41.66658010096594
24.38971420705636,41.56912762684532,31.0140297366183,962.6484146779251,86.87840964097647
26.95974206093698,48.1790588882854,36.931772802833834,156.43704267108603,40.019431853167625
25.492266647061204,54.29191845400125,56.40789506870925,279.9338969459428,96.38922245305552
27.378969166957685,51.087081050228015,54.46882984937409,419.6000624277899,39.81847916009259
23.559726786512616,55.15692220928738,30.575739545190235,116.07264050691623,23.68021136174022
20.4072880231897,57.10921168022014,58.146314375200944,474.1738290873252,27.82673285208012
24.916158751168325,49.469435415611315,36.92807479640061,433.85164923797305,51.88037875178988
26.158500980522163,52.701873017352874,31.81216039088178,374.6126146264712,70.0687932571389
25.031362585800878,57.12979682376645,56.3477452647578,162.9344270814297,25.645499792034386
26.424192782063155,40.53022621083244,53.43102325093853,940.2302414249576,66.03793423007032
23.88169926206522,52.86576436884707,48.33011561966067,545.616789315935,95.317184702122
23.861026378007743,59.22381127647829,66.21402567824255,195.79113478929645,25.548904070013236
21.007780013774266,40.364436513030995,33.77771843023714,683.0067734163569,25.695091876818317
23.189756302937614,56.89750621938909,30.930877429433036,814.4684825889358,42.548381981872
21.181648276216563,53.934743307283014,55.15771387119536,877.4720135270529,78.80568350431086
28.034809303848487,45.64069145142613,37.09758175118891,750.6147516408583,84.54677914138112
29.905051420006732,48.25235353822853,44.880723431711324,776.4129607419968,47.264283220241424
29.307573256035646,57.16825503686024,47.15976109500073,750.8710677914974,80.36342992677459
21.031238688359327,58.05105813359133,50.21009489791429,826.4574661077417,45.603968082448944
28.955232284962005,47.784033574683264,30.433506059211936,905.3819764192637,27.302934142890685
23.19313637590415,59.001239341016095,68.02428587750225,573.4378881232861,70.54697697358394
24.484455219783197,45.86421543396129,43.14658181479664,672.5184560770384,80.1899623550144
27.915790437258487,55.79236285589108,33.64824412194761,494.42030470258146,24.604700801331543
25.495288823237356,48.83061002746754,65.50816731033198,350.9150125520787,29.36536131420847
21.42991682052836,55.23021263434944,54.728722532650444,101.12267612279024,26.728544489199795
27.0096913145912,41.45526012728387,62.87440237161425,706.2422271564963,26.50790245135198
20.84837714085192,59.73279157002351,44.97083183024481,370.6421470668909,85.0239653806002
29.47248577383859,59.720021276457416,60.13512741035767,376.2595855309158,26.6800573358935
27.771469159274368,51.168084994716104,46.96888036987905,906.354385094736,28.895798584492105
24.926251042908593,40.22707289534838,48.74642567976505,56.30327568183735,29.505433301445755
21.17526246777105,52.98420604232127,59.84179517061693,583.3687650971597,96.97380387796335
23.74870579523704,45.714241725637216,64.7439651275784,223.59583851945263,97.0578031552489
20.121544746898163,59.39757653415278,31.726396478023045,891.143113698071,62.21608872690399
29.929647961193,41.475931294707976,52.15417137605283,969.302535619099,61.847827533611905
26.293986381352624,53.914973779692346,48.18164259071093,627.5580800840635,66.74514495384801
29.01158010490989,40.90892760682916,41.23852758368921,950.4114840765587,91.2211027112733
24.55656752785713,52.40265195603074,41.09524731924531,188.1211597237613,57.09587239519857
23.533522280260527,51.67312223701744,33.10938547859939,974.3948076661665,98.89685955836823
26.98161714019745,50.72192732688241,42.38110465145311,813.7950197069487,74.77849380431034
21.62616939344891,58.21854368987685,62.90148971692676,949.799913291924,78.0575606710688
26.134151959357897,48.36486072581238,67.30913933416053,866.0638895004083,23.617493608495153
20.26366974497252,47.529267337560995,62.422133231273314,987.2761293149445,32.033351288282255
25.94130715352135,47.61781713262043,68.79657591258413,842.1189231357087,87.06629637689103
24.6869315979497,48.2963900467533,40.93628287722825,56.37549665092712,89.17779010040425
28.129010091300774,59.99435346572261,69.86547348295622,555.4317056026274,81.51899321444084
29.44765729882428,56.99294781354823,39.89392406972791,450.5441353100935,30.3327532121196
29.540510272587223,52.1234926890176,39.145712220138506,671.7006844058567,69.45025923663167
23.581627180328404,42.271151843992584,56.862927823711985,520.3077009037933,81.78547133885115
25.201635011119933,57.043630006370805,52.07627355097942,560.9379715353863,90.1322882126676
24.03482866212397,42.68030456901281,31.15130705253356,755.137255673619,69.62476410827718
27.040797680992235,44.25928323017821,35.45485902347079,14.54466566788193,48.04700470452776
25.89917686854633,47.84488090199465,47.498996880949164,904.1586944937484,47.86043736186403
25.139894891598107,55.673060254822865,45.861711292850806,622.0867002278735,88.98909669973962
29.495206236576422,42.94146961858076,67.06350500645978,492.1162930795382,40.659551063916666
24.591357562382612,59.60065150570954,49.70472375971478,328.7516102875082,70.67206834533806
22.401456187781932,41.517266562173276,35.15518887642597,128.04583895777245,32.15221548098355
21.3882717264941,52.81749489606429,37.275203375965795,345.6672833238632,91.74307279248094
24.739616402628723,53.35115477042054,36.89279484806519,192.2890188086708,23.26948930131831
21.689350630721645,45.57180678063917,37.08041937106987,88.70253375705562,29.650869688048065
24.607787680327256,44.12667436811585,44.57079444192302,503.4172708548569,75.23158629034923
20.39312139841099,55.98820797818085,55.11601557963631,81.75903194887191,89.88628992854218
29.208724005318132,41.22155919709728,41.07510592588815,806.2012797930613,79.86077523069267
21.845210193563773,44.186986466734204,44.81888411165528,484.52298519102135,69.46038172242368
23.689136395697723,49.25069432266296,59.89883752535026,36.6832028905979,40.19495554752166
27.133495858845524,57.904136753743984,50.467097684626644,532.1134852653156,28.573760907182084
24.474123668234547,50.65234532910046,39.698820145389185,269.243230949381,50.18273304836981
20.200711977777264,46.441583311663564,38.45792027986179,327.49735217791465,29.580970545540097
28.90527280739895,51.87184907108097,57.164092765779586,789.1712386073383,59.87537591432458
20.869202880874237,50.742130836370954,53.47364472083517,745.43947418433,54.53276369837435
21.27580302795564,45.67551811597449,44.5232918559454,645.9172413316012,65.66226437351295
23.56096725897846,59.730304975859596,54.230992774275485,237.22679173599448,28.1425978096323
21.52859139184332,44.919154567690164,36.427254930382226,186.56702405130576,42.807613495507766
21.733735952947548,57.935308492528506,33.20934982646569,524.5113895702547,52.83174615917292
29.823786169086063,42.24077804336105,45.91422396182966,969.4704332753688,89.24057007151842
28.170720709492798,45.1580565408988,36.83550349560263,668.643219924431,94.35007913020686
25.567628930139296,51.432253789398,41.199163746411365,769.4929331919369,34.96349988460187
23.236792364042437,48.50872877232833,50.3044151473782,242.40973241508024,29.186945979136283
26.106200424416325,45.77261106480512,53.24952885690449,154.36271527420232,58.4912081483854
25.325894325515858,41.036470736448535,43.46417112775682,134.41467693897425,25.06999763782142
29.89960232389945,46.44707689949446,62.3949778341854,254.64065476376385,74.52021777791434
27.602278598896866,51.91277481215688,48.863047542006335,411.8409141472685,47.90946132343962
29.29529144247826,56.61238815575458,68.6010764266605,124.29722348554473,78.46939801629154
29.383404568210377,43.624661323313205,32.6598506946711,741.1206492900591,65.95784905439295
28.418287767582722,42.79544753252579,61.81069247439561,201.62732004774452,33.09247542925636
21.64265797930993,56.29149440462764,56.60788882784801,523.0654247691193,48.7064387298802
28.772005408131083,47.84890214845271,62.66397757886308,439.13490857021844,50.155554353992606
24.626797856696065,46.02755748328284,59.904375207050045,502.72039009247914,38.57701561174538
28.995745732745686,47.67782442746423,51.74211444455955,906.4721109645469,69.93903967311937
21.16898040708364,58.796642472269504,55.10832212285671,334.9056146570861,31.141765813070982
27.94025189270296,52.40145511857027,51.33844367905286,893.8925830509577,83.08777689796246
21.516748797327512,46.23444135591097,39.93956559257863,743.946292572677,22.682594778862352
25.698896848713165,55.24917371481381,65.07062547046998,342.08174871590745,85.70058437376103
21.106317369552073,56.92904583469036,35.0995464932793,397.2872905603673,83.78362926236429
21.49917427348774,44.58502790465283,58.89010273572265,720.0365365460743,71.29181063082379
26.939484444671,50.854488866951925,40.07196235627811,345.69599350391945,34.527817344114055
29.084505613336283,51.66783589532241,46.034056670545596,462.0058036441327,95.78266716894522
21.533514031160802,51.724596640335946,50.23554715537864,611.4542354346478,21.44881470566724
28.721239089441514,58.64236564967225,52.605327343568355,696.6508238768922,93.79995049418366
27.072386343133985,43.05078085828523,53.05153440667253,606.7150463828559,53.93045370419088
27.364442356247228,58.687340295380295,67.02274051627106,450.8393714041321,29.05904366726042
29.848411989623347,56.77796172891868,34.98650724813067,920.8418826173723,89.59170896497027
25.188380571260723,51.82550871489858,45.96010815480521,54.76163882203133,46.815779331672076
28.028534485980114,40.092640460092056,43.33996686764577,398.1686935909433,62.99164823503383
29.198556164127606,46.92691988731922,43.878128075849105,737.5012481097484,56.17743527118457
22.24604822939982,49.048790322653865,35.63428081519199,176.3869865062233,59.869421819158376
24.18925449504548,58.296918021362,44.49575596466532,580.5883502780434,70.58114303356243
20.130944565883336,53.27074744033421,37.121438674790056,961.0703174694552,31.893018220249036
24.14624123727024,41.70699336157288,69.8749700738379,502.1950103312426,67.6308013856035
20.670764773884276,54.99920940798356,38.39622372382343,898.0542894407138,36.41117123856057
21.906877206636665,40.730993356961896,48.88267780439997,564.8411332626164,25.25669115426819
27.755276166950107,49.065776694960554,50.9756107731032,440.76274693822813,52.06104487002608
25.596403313082178,43.10480491861425,37.27712521981084,861.7856210135174,95.68923697069062
23.73309316279753,45.41489346287108,55.75998172956063,408.7341710980964,22.03090845282759
21.561525973661904,54.31944457694795,56.356957676406054,27.09599250348349,37.75777295463595
22.310747965880715,53.437854871974565,30.788421510174565,104.10858198457385,83.99328682985515
21.785446620543336,53.054922157037495,39.52731124186906,99.44139275934516,39.453775279956325
27.22266931855659,57.11392936212572,63.208794582679666,397.1835296184548,73.44681092565169
22.04984295415821,45.86295460522027,65.8534327408448,13.001923510736034,26.840682468357446
22.078862551460272,40.530644077476396,37.257417403591894,583.0415609696922,53.713964047399834
28.926717110769747,56.348871234768815,43.67269406791504,259.4234334312925,50.375392653381354
25.902949425148076,45.36127281645753,54.965956313965364,409.4116521912404,64.16377446815842
24.361265291353167,45.88931519083835,67.93813227848626,763.6057941597609,31.209054061316202
28.68467975897913,49.74862396499027,65.78208907576365,799.8552559473152,54.017080357538674
20.224693083201174,45.37354718769892,51.665368586434674,633.4782198261473,40.631014834656185
21.39356074072824,56.69860473598598,69.37608722814208,525.6901823026858,33.73434286786428
22.72307326519369,40.367813530949334,66.57195226241996,117.75108289014113,66.12131804114028
22.74055220687206,51.08356005031587,56.056815534074566,829.7418037072016,36.513701740848255
20.109958286584806,42.737712601376145,66.0007456739242,873.8900775625152,67.79304817362467
26.005168604336532,53.30073349092511,37.014851144937985,914.4119459249598,53.50164199136585
23.831385282494974,50.378354105656754,31.8786386710022,166.2833687560794,79.04268931410964
20.827986679251264,52.06304218932777,39.81396438725284,389.29561404197653,43.09549894165599
23.55672716464949,54.38091810368491,41.884868624927,566.4046402968972,58.08403217592797
26.63671165362648,58.73659478649516,59.30288388841001,214.94037859075675,22.494650804902776
22.62264044299825,51.9015586140051,32.05703253937001,496.3662472012363,67.74742791335113
23.34243890816961,55.41824407491644,34.263930125350875,75.13778173580876,78.25510049628826
24.954913162061985,53.76804792855472,47.39309354414985,246.4020332391068,85.52818541393597
27.99415878968979,53.893929417088536,40.88580548919851,590.2306668690871,48.87791175520214
20.91582073326634,58.34627150924486,35.472745236758456,950.2373538208025,55.68046183663646
21.851329288386196,50.838018947567164,64.91783343505634,732.2248864095612,84.52489182891598
26.587833667107173,53.84553129035705,63.96782606261277,249.66800885918593,59.15399709145124
22.212094418196024,59.75336015993294,67.76237358746454,39.426811368505895,76.44601380125508
29.25248317415666,43.61150690254667,52.71780922210518,915.4882975880419,22.715678286863906
26.9742026724684,45.946980147451015,66.97584781506121,971.0582451653678,95.54131912907471
24.742142166574638,57.24085301978627,63.78197594140281,319.10047324325564,86.3132379320542
20.370076347154928,51.92539756964106,39.200353491508125,120.56688577727881,26.156256130336732
26.9628877587814,46.797499275361325,58.990670861150456,65.35634079894237,45.223227026448825
25.394912923753374,55.81446329677927,42.7501001172828,625.8913764370091,90.87821985889497
26.158631881823045,44.659189495072674,30.97603126226152,870.0988739009299,21.701552868030973
28.747016726841995,50.57874268054424,67.56270794051585,798.7832357736654,99.834728842667
23.5071181545171,55.34376577862254,46.07723654436968,479.8756203039088,70.2004370574696
28.736771141863386,59.681669383985906,60.73093655458073,417.76678216733376,53.70856018216561
27.375823015888916,44.775542915366046,34.41896452525579,354.62215764077655,42.97911933232654
22.963081204559902,44.6721550209982,31.683727585454477,17.87393473341381,99.01779117888252
24.277731337358624,47.68653294319363,57.18589130772279,218.25388786506417,95.99689471601803
27.86345014415552,41.78822004624519,46.70323103139714,879.1183075621647,95.57856178331282
24.674015112498697,52.268227784214154,36.68135784368301,991.1686261369765,38.53373611067547
29.427317741351256,52.99293297984737,54.309471795154366,512.6885110165086,38.45358493742069
21.765280320055084,44.409724181403504,37.45753048577018,779.5844735667533,48.01002073333841
20.578426765633964,59.38205260281622,65.35143539853703,927.752283195213,99.59262581171483
21.738952492194873,47.924840378053176,60.32953902816365,696.0206180537922,32.311672507188405
28.158331249906176,44.488811436733215,38.95270459290492,536.9744228934136,67.43519478733626
25.800862078378113,41.829736747955096,65.09843450521521,265.60004258870606,30.361193702624334
28.887480798689772,59.113029964595064,64.48510469061803,809.5160747248781,72.41935845112174
25.508573706091394,41.7397351982282,46.33812852282795,372.688517012314,40.7803027008261
27.23420113688585,49.91751470157541,33.24184863630592,220.18320194981135,74.66070109276768
20.761308594903003,57.02413828097537,49.80586108055897,480.586577326648,67.39262277276141
28.246809659251493,46.95618415804386,57.12064610236254,565.731963995791,41.362261613553706
28.78629986355158,55.948520432138565,56.33807338633702,850.581729094242,89.3835360767842
27.08362976715035,56.74026656727344,57.898858466771344,680.1407717603004,69.48891025721474
27.527166395576412,43.17210210586148,65.23483036795713,871.843527745232,22.33978264276473
28.258167505647627,42.5773973494689,43.40475417036568,743.5082562916077,32.860791683864655
28.17967024119062,56.64268355915484,50.29870935043345,6.38587171683358,42.96305065399302
26.16926918375742,59.62372356054847,55.272541080666734,259.8035810641598,70.72045624796891
25.399853797158556,55.596907903022874,34.279225553078334,761.027902502028,63.301326294088824
29.629920038589947,46.83744332077372,55.304875725357924,932.0281055100174,28.20077823925434
29.37228487236451,53.757714446016266,32.713482364206875,300.96356694681623,76.65376709162253
20.673506014687717,51.643409203525465,43.83532227811827,620.9155177674771,23.65936270500103
28.715368061523762,59.46977938354794,68.75511421142765,749.6518317429247,30.406899210450558
27.582631959290225,40.49173832917603,30.88494206115989,323.61021914954125,59.091455232373264
27.70407417807793,53.665907532130106,47.83610825506993,273.62666628166585,99.76996001261689
24.26181302235973,49.02774048659351,36.544952847666764,794.8095487499294,75.4945780625191
22.207696127887605,41.64762091231685,57.21997208298853,654.5112142811353,41.86076215985675
29.508635622504105,43.021157835618006,47.293392041704074,943.6159201675989,53.57818535408978
26.385259476640854,47.951887959255885,40.9686080939468,983.9776479598282,52.74672050520344
28.940992036791343,44.599092117821726,38.52418816100333,31.13408288451136,72.13334603007081
23.685263437237612,57.28716499679274,48.928396267662286,968.1934279147217,34.84204125624969
28.68623167955611,55.53193705583483,60.83687378576208,844.7832281168877,80.88191927543991
26.262203216314155,42.62489755364775,31.301047179650077,920.8478478156868,69.33202516165905
27.96537290976176,49.630447030251,34.692327558495776,125.18579220255045,74.84522297831771
24.303058948994625,44.01049453400673,49.66378186965748,64.20893707513409,66.5577121531519
22.689934044350977,55.951182012743764,42.41447835694295,455.2201490818012,20.92964319264805
20.72446887794559,47.8498711281337,49.19755338868494,600.0205481193037,43.33300629674426
26.949818861265424,57.202447943784094,61.194039555733994,39.61882534835715,58.44055578062631
21.04930178418175,44.84090031725055,69.46650373068586,142.49554290151323,59.911052276108485
26.18155734318119,54.04929941088208,52.385947339476566,9.77084741918366,46.11690465951935
25.177116433847115,41.757329982896664,44.02507724836723,33.20310879136657,26.28627977240166
23.96923276201596,42.65431508086121,52.70163393046233,689.4649691372657,84.04693592872663
22.0015024424481,43.349651645181396,34.18271361337601,636.4302495436367,76.5180581189521
20.31586144825642,58.724244924873794,32.0788513460589,541.2963353010705,76.72484155607332
28.709691237460856,54.281738642648556,62.069123322791675,339.45019254280606,85.18600909972098
20.80114846384675,57.89633312121055,51.90369504614945,817.2977699624937,56.18546276146401
26.43577695196525,50.52805321872226,59.263580870213275,81.62998203058957,24.828166719245104
22.471032340101466,43.19089360226377,64.87134266368807,219.2139873580443,98.0692204655305
23.368957917711068,43.64235831377398,61.58794028569916,658.7077755008761,59.85565731625112
25.553635509376313,54.384035565445274,39.13818965325195,996.3339160567419,97.98345297174265
26.503256863469367,43.9908490185829,57.209129697251655,72.19840897917584,22.452200176464487
22.576828885112135,49.25245913478633,64.73090021633521,727.169069766308,79.41652169599848
24.254933344480754,46.918699850939255,44.84155051938411,987.6495637360579,23.2087353129986
28.670314961224484,51.57350817144787,47.54461676758362,725.2576604151365,58.93351531397623
28.734232380816607,58.01403728022517,46.86883707493821,276.82779723505155,67.38802628746897
29.12363345616691,44.21324378011333,54.91866334253931,631.5602200925206,78.64904179322248
21.3156768512726,54.31649929364177,66.36130082662564,179.68310887024197,39.00346599391021
29.713950940416396,43.619539054189794,64.17540373478316,492.2778564480348,39.778485952254165
28.707499012725116,48.90610510005331,50.59269415718761,359.2333693997657,67.4360681147942
21.63523872585023,47.821630733035214,68.7764928934115,258.13343270112756,72.53893316330337
23.251900642246948,55.46946251373201,35.23494642873399,969.8210450785447,56.30316331069114
22.36050463346464,41.469934946600254,36.79031620350163,519.7739485560177,46.9602541145029
28.288833658826096,48.61775047323612,39.9485709035052,617.14498660403,76.54217735083566
21.6704190790095,43.35238432576635,31.466857077341718,736.4020150656405,73.10436220974441
24.746308757498138,56.883408979383944,62.22680611800213,585.3543643967522,89.4617024410607
22.058412100367683,42.238392387954555,40.789984460679584,57.08685608931485,62.49356224008256
29.366056922949614,40.78687081337019,34.88439656040107,452.19902828343527,94.7100014022324
23.161561049767506,50.14469617376785,31.662914362015684,148.34320096208887,98.93040983670775
29.651186964360456,40.09879961868819,68.07247141692956,639.1199378155004,89.43346356160177
24.547398556338592,50.311920571585006,49.55386321027681,666.8642575461043,31.172100380505032
20.29973589872678,46.15859883182382,58.18723050946587,201.85345212294837,73.87459466599338
29.699120461072706,41.87801431578837,56.90408472900505,443.75021930457115,89.45138035020042
21.77149789447386,53.85251904452329,63.52461158592441,944.6142194740232,74.65984226317167
24.971747640084274,52.35694480402428,64.75619937914873,570.6097466388297,22.43096477574695
29.30948695506978,53.790535020631225,57.06053543108986,215.67515239771717,72.71083761861257
23.938644056541584,53.024659540829845,34.26372121231963,657.8453046030361,99.95309806165332
20.48212038860556,59.54348368442635,46.27631842891483,870.7534503372591,82.59083872466188
25.67016260986668,54.76898418502653,65.14062245205392,404.140321651033,46.16265292505909
26.675933855635847,56.15691883882517,60.49140539106463,797.8136488586345,54.84666518503464
28.178342161750216,42.40418110741217,51.77956391843398,5.7586604981215705,45.96686639202162
23.66461534871398,47.92345383218511,57.81868826759449,388.55810127034573,55.895489809802456
22.375441308743273,47.4650358325868,39.09078509052606,73.19592376844363,68.27588747051023
26.682127985550164,52.38980692019229,48.5397617520229,379.7857801792298,89.06669196574602
25.19081785136218,49.58363755259462,31.02568263225743,341.2478276261564,50.41564950286856
23.988227808969004,51.60344738454665,51.34410186907514,607.9050927934446,81.19066092337026
28.129857387160936,54.36246152452989,68.22094783819739,18.23258267636163,35.662238854683686
20.075628749781423,52.94949428309206,65.92122195799948,243.48229657629926,94.16276358370453
20.60267390289561,58.68872053611029,44.06490748958538,101.42082844921651,58.86974073490605
22.56776567720508,45.697458039238455,42.29159859705146,803.0258978326634,63.132902134020355
23.113076991560035,52.206675666218366,58.64602696892774,272.62400073353376,53.08392812202812
21.218860933369477,43.622986990693605,57.244714158599315,181.43834769562693,62.01307069336481
27.090462617224325,42.13753846189488,52.692488785156144,256.56278370136374,97.03415001900639
24.835456467199247,56.119850995503164,52.00906168625047,43.41253285481916,70.65211004752179
29.51403342206657,52.03223640292662,62.767554377071605,884.2064633484079,38.2463817559146
22.120448399082267,52.21961977701984,46.44113879226819,839.8613028667204,92.00184987184089
23.53421379302718,44.73741117948964,61.221020609754476,274.8060355481361,85.80914548109428
24.23738253648763,53.35099798582941,33.82141255338673,623.859324676573,56.14141429897833
25.86608463175474,43.36028415489727,59.47494979776729,862.7970775432285,37.33918400726205
20.957145555201617,40.47277172092673,55.67886001773064,607.0940360887807,63.7357930171256
22.319470961159755,47.81811991811029,53.77905340744692,496.76685885916936,99.02284161719098
21.36439752556733,53.902891080951875,46.172750724171685,428.19961492561475,77.4078212526541
26.924361513243696,59.825119874043764,35.135771578165006,104.10964938416633,77.9471053702993
25.78386917006409,45.48321333119612,33.176774759559464,85.65824959643054,91.53526997312946
21.918673247187428,46.46743124231042,39.06625608907952,354.9963058319373,25.55390741968747
25.190597909082705,41.352251271844295,62.014260312894464,233.71208191043303,63.20095316836085
28.80079087561458,53.01754738094388,51.318311462053416,324.3337531153756,46.64015304465583
26.694869551981903,59.88278722442335,56.47356759397515,557.783417370025,78.45204081913968
24.65205612283718,41.2028468520157,52.491872635116394,957.6252845053803,34.02423538861277
26.900048908206657,44.01867377318113,51.43310737892325,96.67644964671962,56.02967490065481
27.56163328895246,46.95143048477964,56.59646897948872,795.4499607897292,94.17422555835621
22.346420818554535,47.986318316186164,36.0966405332167,992.4835021583752,94.16007743394363
25.399571302805597,56.840665887528424,50.83831909088169,623.5856880027598,27.12995456928133
27.55270420496808,42.5542696727047,63.04270521010113,782.0280876703858,76.69957581943811
20.361603805247622,46.06256711890657,40.524502796433715,360.1364074715191,27.011419741107083
29.369578230310626,51.076044814247524,42.22097242632094,396.98151707428343,55.77620324038685
26.005943333606172,50.313588553929954,66.7756789285767,496.96348290583023,99.372641185865
28.514249577450958,44.170210287146716,67.22380858575664,116.36639788547609,85.39597667929533
23.806232934765802,57.55948640890139,64.72226760429801,805.9254001176212,83.20243490456491
23.04679139098041,41.618385661025044,46.11920715060646,173.52451498650868,75.59608711219694
23.460997265377856,59.5122040171983,55.63888309381328,822.4805636343609,30.601973819347876
28.620144822726225,58.455143810267884,49.482476752757435,606.2529377509775,81.18478407223964
21.748386272604126,50.05132152926885,45.946521110892526,146.37399216224912,49.40275378332252
20.681723093854934,40.51623813898974,35.40665156619291,963.1151115891738,63.96236287160136
29.6582216115322,48.64995756660264,42.47264532341038,506.1418628402441,55.16093509063281
21.05664684261744,52.816526293804124,38.641527300383984,619.5879548978296,72.01608739185227
21.52024853128648,41.22699254221337,61.230463442737594,459.80042376932016,24.65310364043806
29.94866317169767,41.15561121992733,57.801409154342124,983.6789252634136,39.13440833727405
21.422493686871963,42.42769878844858,42.13100590270382,101.04581101064669,75.37290733553056
20.622917981300628,50.188442562995796,69.86787415411908,813.9702695060188,69.21755505848087
23.062536207866117,52.47791672583277,51.08165855646607,426.08338389037146,30.45683013921596
28.866042152404667,48.99569297642645,37.7849004728306,367.7593508772896,53.130380202314164
28.275378955668742,54.67228761122804,60.77219574565359,11.031264428647214,53.29231985438092
24.813441516353237,40.38384553646113,40.39252834980137,760.289823122135,30.968776458319923
25.353101314525915,44.30403744034475,30.484830985755732,241.20145759954147,98.0699003928043
28.015371118829897,59.19153288642067,49.514161757054495,109.73619867750351,63.83675911789544
24.543773345599607,56.887141654792316,33.923303231369786,488.2411370217782,32.00389317551874
23.2467592689006,54.747141547755994,49.04072517475066,375.8882851457693,51.55810228560283
24.594467684059865,55.700330876741134,65.68338755760938,955.3346865039283,82.95227090042361
23.154068957480128,53.762694121730846,47.50412496221568,254.67062204605116,87.26972635407381
20.38426348962325,58.03523984270847,48.45909858498936,637.2014768082804,72.74831377646262
28.951177407065362,52.733393643344144,54.55734339040247,66.65204056068997,61.47264175561632
21.501690008170417,54.74867537442971,50.48887683250698,680.2277792083534,23.333832048190743
20.84792016045803,54.326467761253646,32.883373439946936,71.2567277652586,20.968678018790996
29.565013982994802,54.75016718918014,44.13005634008257,296.53558128765525,47.97625837966797
27.74653531181182,53.22741222140829,37.40782271469872,174.10933533408434,27.871651977071785
26.603027197013382,55.287453244434715,40.60185713300016,20.94496103091281,26.573733398114186
29.678600348450306,45.908895549548404,60.768925913525344,624.6635688542638,50.555171172231674
22.056872621955552,42.42772836318813,54.600518721554664,774.6337806377879,71.51234028329046
25.303021332491582,40.83902446863272,68.73955110377536,798.7141916545746,43.42576293607718
29.799703293588507,52.037631792726444,53.29690632828986,748.0731794295322,84.941583047211
26.564786073315027,42.561914927324,43.53070023977993,928.0836403260497,37.969248947508156
23.721670238375133,48.64153765888392,47.576199587778085,612.9395824945256,95.4460670195766
22.40692711832505,42.430027526018364,37.898819594397494,886.9249002092695,71.66486501241648
22.8590678923916,56.318938779372345,64.45479985453744,846.514338690278,93.51412269116436
22.522410201733617,55.10083857492557,48.4215798909656,841.9985528900615,78.27925417292906
27.764474464997246,53.12323675362143,37.097150778788276,545.0269188969384,98.77357916196065
29.37388066497119,40.863474715940235,36.59259262917749,131.72877345456192,78.07839279882364
28.177853298569453,44.27022732621344,50.23410771807316,840.7030280112,78.62412358130004
25.422372054918483,51.80695380917546,50.3344218766512,297.5484513188206,65.20175942872129
26.888853020500907,57.46645831721615,55.45165415916992,761.121537043158,32.805730796365836
24.6155747441979,40.18663239654187,39.86715458086492,726.4617151130049,99.34479610794908
20.99178099587216,48.02988631722577,62.00283874796638,204.03563462889883,64.4067959441829
27.330712960296747,52.31970900520358,37.52098938461665,355.3845686857394,82.70334275883178
25.542265141320165,40.104592270858255,60.43963040112375,35.31135494023907,79.65870261849857
22.024805601652375,59.161469602387605,44.71763005208338,326.9316163380791,31.911044026595576
23.056042154902148,57.53301523656401,69.85337350508989,368.3095305068483,55.8888504763634
27.22070938202737,57.72391560930149,53.721773367471364,391.5256981778293,53.0097472678899
26.95618146496807,40.064365272085574,54.78357349839363,355.4930104413574,83.53578650216674
20.92990639823132,51.76404533896781,49.23891559544495,642.3255259052274,25.18828755863747
25.799837874281312,51.22969175919047,52.426403776646836,603.4876665964548,74.11743497810897
28.049889996807696,45.39641440256429,63.001976407202484,498.25568226345365,26.164662330746495
20.58550929243979,46.684766373921214,61.3958790844587,707.6809347409157,83.08919717379251
25.172690564416094,48.80397995910981,35.89810106825136,328.1927536093115,54.72154929391002
20.886004296796173,44.41223905422422,53.92901176254955,735.6631142391899,99.86780091143598
29.331133313435576,52.85130399070383,46.84992213176288,636.1773647082327,82.85212944641856
21.183361909233874,48.19809779392577,63.59209142542469,383.832951933044,65.74978169817493
25.877693608621982,43.689525062672786,44.48941766609153,334.51128874193216,22.09573668256518
20.241917638913552,56.63394087351547,40.9228323989125,518.0787662388154,43.898045887101844
29.406792451153404,45.18593517731547,47.186272509557405,872.7302504846018,87.3546853433447
21.861014178462774,56.052866195914206,48.327475469515704,482.9688720853552,30.6783977932755
20.806015137571247,54.5587861394753,49.85844609421199,436.85070261517956,78.36065829219174
27.6551289899111,43.17816335338707,54.40900597910565,135.35408227768554,80.11000688232366
26.569551562671396,59.132292421669156,32.75832065425685,57.05472115125432,42.57496597545601
22.61705683735906,44.939575981439994,66.25018322084146,249.5461998495061,41.75597809029048
27.593982624179638,48.9947968490108,61.06842227820725,65.36615756438525,59.005695493870746
20.336136001832827,41.25306406910709,66.25749813377644,139.24537111759517,62.593654582017365
24.110956026007067,46.94686652517685,65.9933338274909,21.8233967754895,73.10317489404713
29.633944342135504,51.203363669236836,67.47289848132367,52.257879286023766,53.50346552593291
22.601577909620513,54.6164192996146,69.25188361988987,256.5300624442478,72.33396811792596
21.9809763275974,51.306605091432196,48.55729946753345,972.005329631537,68.68218181571733
23.49506372086819,42.28191569775867,36.049873149397385,225.3169299512351,40.07733290722384
28.50616057841138,51.2244557656505,50.935636454974656,114.76887186921746,88.8111754679548
27.228143032084837,41.35336723800003,58.313403889190745,543.538217342646,26.538027659742262
24.583006415286565,49.69392574260094,36.63098160653103,945.6981470002823,87.99802971845295
26.690223373291083,49.24591122001215,46.47062166338034,650.9734671509542,63.634549552552436
20.622731058818857,50.25005297540663,62.25614468931358,459.2398775969581,24.156526204341475
27.86278199384033,44.02727564271949,40.34483339552155,164.70635343229588,46.4172051897198
27.56751505688635,50.387717190078746,38.1952509660285,877.8300781520409,90.36654839612234
28.70578425046007,44.77592422763079,48.04957376723952,984.9896561408751,81.76099810479923
20.271674212255597,41.30409182520984,48.55725507249331,909.2202058615602,63.09614383621714
24.978125080342902,42.10947399913261,56.271204188971765,822.1031606002255,50.43360060060499
27.756118509253273,59.289533078016234,38.15065836510756,523.3296311947413,42.971036646766045
27.928544190338393,51.55186731762315,55.38329670201215,797.914159615894,51.677637812996394
29.150900684070432,50.6605773449228,36.318192913413924,695.8991181688025,83.46090803506036
23.167616770675266,57.14358513997506,66.24573019063065,276.90448737780895,98.68171781721776
21.407115280487584,44.0403133680498,37.368993569521045,893.9897100078704,72.34340418599695
21.52104283222273,48.80646836736698,54.61192100279208,83.4640849893833,90.5933094725871
28.03603535441535,50.104135471532764,68.68506461036682,417.7609792750997,98.72882552291982
26.67919998803627,52.69342546507883,36.6381958118314,881.9277583046439,54.19917503364921
21.622334057824794,40.25215039951518,52.3902273455353,527.3996221226763,77.54828978953269
28.90258053017802,41.58813169286059,59.259859613614495,187.41194409758222,88.65416425257311
28.19063513861656,50.81587509971089,58.40971194493246,314.3501131837484,57.69343191462517
28.216368977104718,49.18530394346428,44.31193061301767,494.2124472502999,86.25994019497747
23.352080473708728,43.47523186271488,58.48056081323123,825.9782127080819,28.050998281882666
22.398741127559447,42.839439795219874,43.91765646328666,450.35097890541266,79.90610695706452
26.51147584881674,52.41857134956862,44.09499786438617,841.44755308476,57.70297339185316
29.791049380151545,52.682842765914735,35.05058966258011,676.177562075434,46.00832123453592
26.863271966860975,41.392822963248115,36.99525748703837,855.7372589057863,38.17436456188119
28.3704112524294,45.58552176908821,55.71527640234831,694.150573509831,61.012380251604235
23.053106766967314,44.25288752742192,31.32757418249705,303.9464012407238,72.25302324250264
29.383048184484828,57.42408964526104,60.642591061412105,788.4473432532986,73.19879227807962
22.60286857566003,58.143900614116596,56.82929247623336,560.4406309804399,28.879157537078484
24.470555438064252,49.20716542403853,64.5825443809068,546.6482201877885,50.43204391763277
29.768003285106595,42.21441186652631,46.901937132477784,42.02467517140529,79.19232966135442
29.180765521991507,45.60074659100979,64.33366707196484,292.21823046189775,92.86161293151322
27.53961903596784,56.09813553682877,30.720262224018178,962.810357074026,78.13367936562587
23.047510953861334,56.58789329717694,41.2608479365972,872.7538395661279,29.00643123295496
27.036859774607958,50.813969532898206,33.86137880781763,241.893828258839,20.992322902185183
24.68767965464506,46.02530521520001,53.934299371910356,297.2378077086172,43.993528920558774
27.431931987316034,40.96285671956707,66.1157998076795,852.2638743911815,73.42437465811253
25.932215701073844,57.846049962793046,37.41320718114858,78.96916219082861,39.16081359276305
27.945782787001903,40.693405334529665,53.31227340333959,995.4375161913099,88.45568750700315
25.214456890435894,41.272818185732845,63.25494057542839,598.9785081772105,29.19463976476535
20.938572848233562,58.192536388731845,56.76801051752314,829.2867993167555,90.31831202258138
25.717723520483222,50.34892703510083,47.21709641283961,316.94658779111927,54.76767686869694
27.738796557301562,52.03846862030263,65.70093159819385,443.38001437918774,68.56716629750032
26.31307553091989,51.83394324612651,58.10535092342065,237.43346837480627,60.98910220366325
21.042248028083478,47.69022655289625,49.50668274485058,652.2242595454725,96.04248420689628
26.00651066548356,54.8718783235312,50.25064237980811,634.1040313763314,25.674577290701876
22.54391580841847,47.23706186410277,48.89973420026054,45.64874550238373,31.201927804265416
22.76814307791306,59.430653818021014,43.25388028412203,482.0410581120825,35.68781701907143
26.107800710757683,45.613664310319486,38.27970313753707,516.572628445979,20.440463932833666
20.076640326492253,44.38137618203716,31.468854500032847,108.02575413069138,47.10885194710013
28.025856795798127,51.440972867386016,50.50670903825666,293.48882320812163,94.54029755462531
23.97015041237192,41.74185533591543,54.68266064471205,113.83839347660141,47.61785142413537
25.07411938717809,57.48445049370352,49.741863213604745,702.2587660316642,99.42534711992563
21.314891198979815,45.494630510390394,45.783043023905854,421.82817853883137,52.88168602124366
29.076110025565548,54.28065288933713,54.31620856362815,309.3727178627821,85.90323073770358
29.55060511484989,56.42396565100453,30.062604207658914,636.401370183407,24.090830515368058
22.57607220333722,41.19049400695543,54.15181811797551,686.5899134926068,29.159011045272408
23.838388830449794,49.12473017911084,44.76212087043666,121.02500048519305,53.515823214998036
27.51178047808418,41.42015329066511,33.20720056327614,354.77129183598424,95.33805692951401
26.68572646722914,53.5733991334513,44.4767996335146,593.6607912085384,20.81049472221947
26.36096046409542,58.26573895152473,54.50293873379277,873.6985934663451,77.9178444372875
21.205584164036903,58.049066145716836,32.657753774231,533.9674725477638,31.370969903476613
20.11706610730904,48.44068520255278,41.80162830616625,486.00049379760304,66.17599093876406
20.437390723089475,42.46006590247491,52.34569585801702,343.16735317265824,78.33387900395584
26.522916485919396,56.912087259798135,57.699713066769014,429.9310773901481,73.8373297915546
22.753811742554184,46.126269975564256,61.55940639683173,446.4195164015822,83.8704272414682
28.224223736682784,57.15124675322568,66.66540943364829,430.9852205132962,45.509345465691105
25.821987465941138,47.423448468752554,54.04296667200932,705.5858626438246,75.07240147937095
23.745528870201213,43.337204033975055,47.2211735384883,142.59414408190872,91.20776281470467
23.458774607378572,43.08919494446648,31.017910396230036,645.8223862864843,70.95218539637946
23.406041665812918,41.43423777695302,46.38515579580928,311.2174950633936,74.16965117880075
26.057792494526904,47.2918745639508,38.715702170199606,988.0359661555918,56.32012969568919
26.88274235780237,42.811059351567216,49.423587986375914,27.536719869465486,60.436409432835994
29.64017407117702,47.684134259716004,31.559840502996465,30.955790919343528,51.03894079574956
21.600249364631942,40.46704192656372,60.248544558007076,458.5230088818907,43.139581757812365
29.000831830164806,42.322779204010516,68.23675315821276,313.96671737735284,91.0722937846945
26.029428764794616,56.53414719482975,69.36052652841857,288.4054378187457,96.89083883260744
23.894818949024202,47.71023809473844,43.615484170180224,541.4076073475852,32.33160345427897
25.53711485358011,50.83409624820008,60.4760725041948,833.6499619375855,55.23530802499393
23.02333249351494,45.18669794634189,37.78495346819488,57.64758219902488,47.395838306777065
22.702476921307834,59.32834771732815,52.308353050001756,347.2770390305075,66.43740807949568
21.391967013456956,48.880874984044056,55.04937285684255,488.89783179245137,52.14230405234594
29.93848388899698,57.60629524297854,54.936238326377605,569.3773611822828,69.65283838596673
22.013121078224334,47.90275486528637,31.578381315635973,475.54603748682666,63.44196671661305
22.277497361032097,59.28057694331027,66.37818443748968,722.1432354559058,62.670930301229006
28.69969159647685,42.613046876469255,61.6203917709954,124.8208139668483,83.53685300395243
22.757675682513568,57.54181162036378,67.76168375301592,148.79596940511564,57.01404840523148
29.80987378162685,49.668148719462934,64.54190090058181,588.7315221313198,50.02639263356815
22.857835555258703,44.06446182172174,60.47192765510789,386.5405068230279,60.90203697606009
24.92325480001182,51.54558058466262,64.62308582498208,980.7393435834294,52.606736685905354
28.27518922106303,55.29055589309435,52.94115805822293,956.047143611933,36.037961242272225
21.092642103096214,57.07923933910844,47.56599266534993,846.9688542070604,91.44721641563319
20.624575936190716,57.66929525972122,47.932762214776886,510.4324890042322,70.12740088745682
29.26382606730087,40.38232188859528,49.073738732712684,687.7220424305607,77.81655661585827
26.92532431537108,42.688702588162435,41.975823534867246,358.71552541701345,84.3549766143604
22.787598724145532,44.21409927734406,68.29792076152384,8.8632851134689,99.82566845455825
26.768212988573957,56.56938598898234,41.78477585384773,14.315277667059977,79.0295614849224
28.34144597000676,54.80952263907038,35.71401149203354,753.427922256969,81.51382256861127
26.58540515670055,55.32231865591172,63.836857587109286,613.6041142374585,27.088377117574325
24.87627809667211,41.5529866934321,46.30172124129723,407.10648912562766,25.280787531219325
23.488205339694794,42.219961975826294,62.329408400368884,947.6880259644707,25.78531802063509
29.551152072917013,50.451531986734906,41.98262711815496,76.86207527616351,60.04994144563342
27.94515544490749,54.141729545333966,32.00904045855895,72.90183536790352,52.229862610610965
22.95290494047943,44.647686461120955,41.24017995634854,803.4827432968847,94.33824429054832
24.051026945275666,58.12222004264994,42.85982804991528,476.4369863437916,38.08231982527998
26.40476042175844,59.57962230349618,54.13972384173515,357.81408411354886,71.82539567924226
21.229206784653876,57.773181605307975,50.123358031193455,449.3497420396421,66.86918307628153
26.247838627894026,41.43551612453026,57.304688848936095,241.93168031552958,77.11621060052718
28.225347943841967,56.079170151050405,52.100038696315565,520.1698923107512,31.430076907152937
27.753461504031357,45.42818760893429,49.86781691271786,284.27409292751673,30.706269039975453
26.295576968917366,41.086640696458076,59.945809365048,317.58679526111666,20.010775440358827
25.111291392372298,40.937038170552064,41.04678231283598,706.9764874557162,25.015169729749267
28.393384923560024,40.07639845317166,39.87295476807609,740.9040561520715,45.30161197834454
21.018923880660136,47.20467837600856,40.81573145538102,842.7119021605549,45.06783340681145
27.889324717760072,57.8374428962147,47.352696783061184,909.943143854392,50.18544431705543
29.64078416490108,41.78579049051146,57.48077066012971,493.8140404569287,51.011904436451765
26.327118787486008,54.07714183268662,30.17453078601236,166.9530887471987,77.0436840507455
26.663854135782064,59.32095010257355,60.44151161003132,950.7727077313381,76.20324012278456
22.98052208639443,42.10729844501713,61.272954533797424,644.149221475916,23.8548809914637
23.600504659009783,59.13599630968572,50.016045828408046,432.72913601970464,56.61596841274352
22.088827240051636,47.374143417295905,44.792530239487064,52.3550201874724,81.40541028143346
24.16504431903879,56.443597736328464,64.01392004479581,211.99405469865806,72.58827857361028
24.722818041629818,57.603134758429704,38.62962716705817,677.8132003100442,68.62016978021781
22.953014775718326,42.732018073023454,56.065590419091066,738.5974581323306,45.250187501068
26.448326040223137,47.90261815223006,58.52827533130471,199.2152748940531,91.21720021089395
22.874095964655798,47.35571975512306,32.32367808321399,111.5122123212764,61.26895221698625
22.675926767279716,56.70960451484389,30.587735546198154,379.0940486719362,46.987643741527414
20.19327630917601,42.487367980010205,46.54570699674541,492.86458444744665,52.34317978038953
25.30937678412094,51.90263349811363,30.396952845113425,464.09515945350387,97.07993927100706
25.190322801295487,53.55084534917906,42.47455431667533,773.9913781527625,81.8337185500892
25.21296047654139,59.520276465584274,35.02200859050613,16.94766488958099,81.61265694056767
28.071555373648824,42.404144582411526,40.623313318344245,17.55236336662891,43.46468886244517
27.731418739186715,50.359210554251575,43.92382372673153,371.7392949063303,20.108290057237454
22.99800527565236,52.92917483275861,68.96777775265429,847.0608269838995,21.88759717164233
28.985606046748394,55.66396826597252,61.215044942839214,457.9957590035715,51.840423436360226
23.029157288331927,41.31389717908731,39.12941453974796,246.60363497802462,58.72616557681613
27.47444406596694,49.47619656795893,32.313777977886424,957.7898009882039,95.41794552752899
27.851895431484085,59.826558031284414,51.779293312010516,962.7683502532061,26.048403249340062
23.656807482613715,44.507625360135314,37.8333233653708,140.80294889267608,69.79309132527973
27.81321855747305,51.565967988407216,35.878508383528384,811.123769933471,70.87637657309828
23.881657061269955,53.48260591072126,40.39619916971331,345.1922084942105,93.39886745055922
22.905045056714204,49.399765363158735,65.60564549584059,707.7213502675274,24.97625809317622
21.473030442789703,40.15683181543834,55.236871609166535,447.6734254104183,30.741988072182043
29.579341210567705,50.593194478912395,39.67573176451557,500.60357115470754,74.36962661880862
20.762392179735645,45.49407630095784,62.278619635359746,459.6648704026612,63.72617136258359
24.328160022094693,40.8779988528601,36.62999119280624,445.5416387418909,36.73483723263423
20.499790286596788,56.87299328103647,69.24770116656464,793.1428739967395,88.30279373637336
22.419771303170453,59.212539510263994,37.87702817813714,951.4298103618323,99.58554351727608
27.117228057460487,59.62287463583644,52.781591182684146,259.54178317609035,54.95967085324967
25.93560935378786,41.4616312405403,54.89373058468984,981.1778367622945,35.20861198269821
27.925951162883834,58.157975875592385,67.74806371280883,960.1356044054472,61.71677109771775
29.773079079915036,55.146204142688774,36.466857449478475,476.90010646797,77.46649402976031
22.473403158190834,52.81230367097775,56.66401916186477,162.6997438085659,65.2068249962205
27.716269109786076,49.97791329071884,30.4841246710443,9.038469079292177,48.562347517600976
29.26194068431782,44.573535592072176,55.37454755486748,222.07587069332058,45.73359917276389
28.48042089601484,54.577228845398935,33.81597109252843,428.70202098643364,22.333581091621156
24.80890146603009,53.248680234021364,34.74010494392606,288.88493890916567,51.826930040172556
29.195310246560496,59.86510030845928,31.796451959824633,761.007923495392,49.73792531218746
23.9245818622948,55.085299466940455,66.73705728581635,950.9285945025484,66.16980688306566
23.571211593005028,55.750981717175584,40.04005533049201,564.0740288335178,48.68627692198985
26.566310737078762,44.80797825787014,37.66371782939303,918.2390866754371,28.14429463596295
25.059579077349316,44.41705565926018,31.5571985330267,36.01881829142639,34.01774176846619
28.667703545060004,45.64957487954053,68.01836682301183,581.6222929891935,54.92913518150129
25.800888346694546,50.33396770452536,60.351050150293005,282.49606597285225,48.24403132802419
28.94094302533251,58.92913026300811,65.70232909945898,419.4479939573136,82.42924024055054
24.763357333010987,49.95079704292204,38.18720436229136,591.1303032585165,34.89087182026783
23.315646990671937,57.10060403239871,38.283032368434206,71.15828517343282,25.520607409025303
29.40784520503108,50.13840875923669,46.37648287268073,810.8785810079185,86.86607423284129
23.321910331156047,53.87236114947591,60.84491263407546,654.6506868659545,32.12760598400795
28.75883083517057,50.78189105472018,41.29889705480015,425.2281854376939,23.00568723191259
21.278668012224177,55.310935010317216,30.000465390214647,416.5658284822922,61.800814486847074
20.546344200009724,59.461563259446656,39.04501324998688,304.1987196362809,44.31540098040219
22.3041666211735,40.02947644172623,59.17379176351985,966.8454997992853,37.94347866280361
26.630471918034225,54.837926539174305,63.93701516362099,422.62919701360914,44.23447245123434
23.25295134023031,54.252426661970254,62.67117866022544,181.61396775660265,49.67528065262122
29.0194019674915,56.13387039389478,69.39433611049904,754.2482596820807,51.45561608223378
25.90637833994638,53.220285084946404,33.138232652684955,544.496959103865,76.74566627780877
21.673213040010605,55.61263434851114,53.35091122056446,952.2217856975947,23.393783856551337
22.65326137555467,52.031077585996485,41.86239648823723,714.4241640712422,80.72042260175448
21.025159640664743,50.27708928413536,50.355622223642236,369.28077021554105,94.63398900557377
28.275063198732212,53.94418763819274,58.573065429399904,461.7161438131191,93.67956168772606
26.945954272532855,54.57962123311633,64.4676361514938,274.071589342191,84.56567230933624
21.95240602956492,46.90683904489776,43.42441817079371,978.5254683891405,88.52297789983415
27.011698615902596,54.5411352323078,52.482911776102846,947.090667108519,59.70070023058892
23.805177098698945,43.26070673863182,61.44822609044232,734.4439320755914,50.74840308193079
20.251934139592294,56.779946554360215,30.456719338162944,703.6997796290509,97.62056877808456
24.376613281482033,44.69946809991905,58.19484040173527,817.1281420155851,63.71442528622779
29.670352752561463,41.033374433159224,50.19182393218112,718.4539473225501,89.01123769193431
21.7925561190779,56.000069635273626,52.10828302874181,396.5536819899632,30.537202286327485
28.652957589089123,43.145464163594305,42.39151436836397,290.0455319624369,89.71312273526834
26.72702994208898,55.933627943827446,40.01871595169996,624.8740996069989,65.7396786514999
28.328303767882712,58.12174120962521,30.486270859095473,674.0199190587927,24.146863929578323
25.48858665077356,45.75265458087357,42.27106398088565,352.9585034523566,69.70339592396881
23.34049965668769,54.653981011805605,46.18109542295479,68.35320030995862,82.70078739872858
22.85758324592706,48.65533759198525,57.41775532887606,332.456157148712,24.52685249173725
23.739210470128135,58.88897165388607,55.66937589194233,671.4791486672069,70.58257229101119
21.989921389594368,48.3666772820456,60.03759193453273,101.37289755315915,42.22822208717698
22.763191084658537,48.64037855189012,69.2147496376874,67.50254668382195,61.496079550447604
21.793646820122106,59.413530908194886,34.53214018909857,403.60100236159127,79.0307987867685
27.045544280274452,48.45457273787864,43.86096671810873,397.61237855287055,41.142101052691146
22.053329387067997,49.6607939511778,40.74135024270429,287.4616648972501,72.54048507796456
29.685373316998923,52.0727440111875,33.07917868259865,75.58361385406698,96.11385766764528
22.972907903073335,41.84133972164951,53.961783486015264,623.6487782902661,71.88038560949505
22.674020278575412,40.3022136842895,68.60061477817888,250.8930456911025,74.0821030442038
27.066298698787097,52.20014834158972,42.51629576854593,271.09625376406575,67.81346261621624
28.660956336116914,58.93467457846791,34.2362321761503,154.82861259771985,95.57890070264637
27.365352283347924,57.65987649659546,38.10530536541373,587.5858711094019,76.0911675533979
26.801118854469728,48.16303381733396,30.61579566765234,582.9260568042631,40.2481231343687
24.502542461428902,59.151620301676346,45.96141270569739,839.8016066644267,35.083248459940094
26.724604980250287,59.54013908877887,34.07572403491747,8.319942227192012,54.686623410609144
20.92625483051367,54.96768699352463,66.58194655394236,434.02097270875885,40.69693137243527
24.3440331900661,54.46895635700002,30.36216646321484,589.4539894846972,69.06333479099033
26.376882468959355,44.84044159961754,58.56210893512507,91.3914863317764,35.94162691734407
28.774700466544818,54.77446301453133,30.54982216045381,248.3762603698002,37.15251863945316
22.708063280369725,44.95119540559773,32.50105182971383,458.9405165968203,78.61867798289322
26.067317247174365,53.4574333719616,33.24596714144957,951.4907101767872,87.07934670744199
28.050903184956628,56.45967610083535,67.30842032531045,544.2539661136977,36.022561429410075
26.16783607852541,54.85762987335878,59.51669573416102,521.4490241668801,25.476697546686246
23.711129384301277,58.415332169267145,53.377956390297044,538.3319432557134,41.508281150575485
23.68448919916579,57.90692178306338,56.65852190107343,787.3870267523329,56.34763384541241
26.30247219456158,44.96767217486415,58.21843321133945,427.60133370333733,55.403641185179644
26.493223245768817,58.725612429378536,32.56025386434484,824.7432373470076,43.39064883297545
24.439194545063778,40.43826657550018,42.04184311337252,502.6312426301305,24.49408618779512
24.91095729383165,58.54221257716855,34.21572872431221,764.4407280755044,52.773684270079414
26.55173714524338,45.20473195970459,36.37969050165433,160.46261427122644,25.639355651451574
21.85646704901243,53.284387699779366,65.26762447374033,814.1256855911619,74.81074478995873
21.104318634111028,45.783748925919,42.39227501289876,249.95694639762124,61.20045277677785
25.355538148796725,47.137719503422204,44.15156634945744,828.5555979060814,83.14342786557485
23.077958316807457,58.27576887746518,68.11260068010024,326.74254203004085,48.353995903444385
25.056341534219587,58.82241625067347,65.05277732569246,102.5679625835898,51.4184594617133
25.533711897497717,50.0626494510308,37.75452271747571,858.8167711681547,74.155262639747
28.379083748518035,57.175285586989446,59.93423414662959,439.21060124971734,68.84374040123396
21.60365406119743,53.472908349498155,37.17013022957123,693.9495905101568,38.36785286031749
21.1755130015022,43.30568980285915,30.07968540876281,718.7396178535303,78.59208392467033
25.149333499132595,43.22725602110767,33.34217350042759,19.12896643728701,33.25985415721766
28.908555349831467,44.83073683403364,44.170853088688624,105.34548448133319,37.78890437985362
25.19224570780205,52.15505366191305,39.81409256664844,57.73215922511721,51.28262953019189
22.34203370926334,44.39107846459604,68.39451210853821,616.300485925724,64.55027545376767
24.15775103523322,48.578886668602884,51.636200153523234,696.4298070361073,76.17168769454635
21.716939077054494,50.00225504153254,46.47832380136408,870.5269662693842,70.51351369747012
25.32504066415982,42.307892843578344,54.22551557293646,117.20390568023342,46.976526045260165
21.42841964814332,53.84147294048738,38.2500845534461,391.859373188026,91.65398220950229
22.043163833989702,50.15610127917558,46.77086644664088,18.124041045729733,83.42064908582502
20.690459063145997,49.48510041953907,52.427131797558,628.4264566145871,75.09053034463005
22.532723835227152,40.19957553316899,58.93774649419648,535.6565993475785,86.8894162565799
28.213883629006943,56.866523355757664,49.403786399181605,333.62839583686565,83.3246562073096
24.51294113029255,43.66884392806869,64.19896078245897,882.5598767723473,57.304780491213606
20.756997273097873,47.756521798338625,62.14150637850413,901.7740285462287,36.27781939980767
20.669736120252715,57.54700906265677,45.57619755915501,541.7609642675633,97.44526496406071
20.665647279142227,52.96636014904191,32.964216902994686,375.46892846650036,84.30516361547573
24.334722327556342,59.94364707805901,52.36237139786409,321.1621526359535,37.60890607238025
23.50520534286162,47.450665475191016,32.74854710895844,369.5741994267732,57.139081579137994
27.227377522388046,53.13458969443216,58.35062620916617,8.363681876857099,37.41339196644289
26.616842883998565,49.67978736359494,30.212539026733836,804.4946424318223,81.82476586322699
25.484191629935626,41.32926651552544,60.66060198130339,583.713587731364,82.55679817263673
27.517469923958405,56.06004143915674,50.72032265618499,140.324518193515,73.6925978703751
26.204737850519706,54.84506374398174,36.795240242029415,194.97519990028923,91.23276137754628
27.49977798452071,58.16456977400646,60.348612846556826,597.1553059903018,72.33061896222989
28.8912792394001,51.57613509023881,55.295652973135496,156.4767160036006,57.91369760928822
27.16397111958099,45.418853966327305,38.0901672209814,313.8268082244156,39.32005023942668
22.14912637036396,48.497016857361736,66.31354055534136,507.0596467387183,35.03363046522584
20.76971669380874,53.92312290275851,45.31195057745551,821.8309465853592,72.76086149126161
27.962414505413687,45.438920788368975,57.69435689844232,264.0619846937188,95.12547835602332
26.363742815333744,46.490236003506844,40.7804744916909,190.9265850716435,75.57127671149823
22.18715612997927,51.90606531854978,40.585401077014296,661.9689447938686,85.19517828324314
27.78025243144653,55.217026618615634,37.50889622769008,88.3849469845187,75.91590627899085
23.683472137943514,48.64692452806695,31.24596371173564,259.5764492750492,22.69411230995712
28.791857726012477,44.86793366437061,52.293486782920326,38.979320661130416,73.34779130445264
23.23027345754094,57.95838373915332,65.52472755736143,325.29061836174776,92.07687165523743
29.961576734987787,56.50831328247896,63.794853910209156,249.0087361090899,66.1361919086205
20.67255913967368,41.898358736433394,69.95570448133162,326.6392494259109,79.85471296390772
28.066650530268163,57.16046542014458,69.90513189608626,241.49648525686786,23.228066148775977
24.11191517994586,42.60161339657894,30.897035566482206,360.4268271414861,82.69906008601892
25.661806912250707,46.25555978420708,56.173680219708785,232.0181803088107,21.150515685766802
27.643533864364272,52.47486169728018,60.4921049800384,38.93801668766561,86.96957022645218
26.195262000363034,51.2679070142528,54.984561924581264,864.4332468683641,66.95492052471256
25.809503798881792,59.81358314131532,60.26920668274272,442.29380545113526,76.59176000263422
23.892304716917884,44.57750924966998,53.874075075510376,928.1820981139515,94.33116160123701
23.4190527810549,50.5535493244339,38.46543594279445,995.6311094988835,98.48943262943486
26.495089297074472,56.08828119354947,58.604006451348,593.1582190394682,24.267839759111816
24.547643425526612,53.49572604334821,57.101264555347385,373.1226184223836,95.33535893264245
21.67357032236781,50.007188924311215,57.63535906203291,697.1358058918092,71.89111654150524
22.7528821345186,43.12413137373244,55.437613073068434,599.3021161394378,34.348480823139276
27.051391455705634,49.103439834673125,56.71042366412612,837.3670797701507,33.57827428615386
20.191448679968367,55.58205172791573,54.38789700610464,699.6395696221217,87.0523979990914
28.028109348245003,59.218402938576496,51.43740315408473,488.49563265990537,52.150975991258406
21.536910428442045,51.452144657640446,41.08050097303915,921.3075122129754,66.65526434216781
25.9284018050811,47.0984932175402,32.0795740791083,31.74376537298862,53.8668115322558
20.845653780972377,52.136939110802786,65.2389202255863,882.9148165187222,72.7236328105786
22.11231831472931,57.25993662717744,65.44373741252832,196.6535849529587,78.99408686165418
22.86519548927123,56.05280624705859,69.88951599614411,30.026005329392813,91.78926926327455
26.22630533598658,59.467652383296425,48.600380701057105,847.3879305713738,24.991525487862177
23.35279050078296,41.3403307550242,69.01372533916282,816.9739072718368,88.20379369967765
29.37965231433894,41.702069722395706,45.42390370053334,71.03488904400213,36.86344812400229
22.293657770376722,49.382144220951574,40.742486698145704,100.97810681776109,33.399287127528616
21.472755635520908,59.46153595824597,60.37170027673894,967.761465269562,55.179238920632685
22.783684816626565,55.96586394418373,43.05015672164587,299.3833737053483,38.600479376626495
21.296789782242353,45.12926122033532,44.21278993895551,673.9942081457305,25.005187377556126
22.10506939665343,56.18047280583353,35.87687694335083,342.64514652252154,89.1727137486512
21.549253111434428,41.6547367123638,49.38151980320043,302.4195112785364,65.07266915870832
28.038048904834753,42.742969763054866,53.227963382171396,505.50876038986394,31.526302881055965
26.239984855289823,45.472808357215435,49.5133727417605,82.27232427706188,56.766724577089846
23.064634680428203,56.44762422370709,32.27914907989473,418.60727491832995,56.67451393051504
27.250060762991186,51.485751501804216,56.68849348776724,777.0492856517561,88.9762378926551
23.138754967224706,50.76045410727806,63.604323137567995,989.4511309650564,91.16154488350105
23.714672626243768,43.90333034437301,49.57570149626355,741.6414518360423,59.405525660263805
24.831808633136685,56.76460842163601,44.456151162687455,859.7946748116456,52.54438407613789
23.282331056783395,49.07979822399398,60.49787834699474,126.00202786399429,35.71353726976139
29.51444825663092,43.50983254762715,52.709092717242186,579.3144666619379,59.16995696401958
26.447452485768185,44.59653451595237,52.10649071106993,372.17325524689716,72.93338077033512
21.412235433731496,51.41754833678952,37.41081421533295,278.6430631150364,37.496784025886654
21.82837779868817,56.51421903121334,41.428302706435616,927.1237818644494,97.59412202761527
25.712604699370974,42.86002245331453,44.98192973518325,797.732263348214,49.39125829576564
20.870172183027886,51.13569821856376,63.80483405984139,795.9263871435024,34.00985121042826
26.727646144124666,44.41008526871294,38.72830138208689,874.0717733051852,39.97351621921841
22.632473465180112,40.013067815225995,64.8267613650207,792.5948132091347,70.18631480725423
27.502657639388424,43.04097134848983,48.33294378350302,351.2193873487809,27.50212210056132
24.861304852149242,58.414793006852705,31.60236476202778,291.4609134937939,36.60327489645628
22.381466536656962,58.16869103758751,48.722762169371606,466.2994129398188,80.84605139642258
21.544922040049258,49.74530708200101,47.199408564842386,596.9106905466562,99.96461626003509
27.69448894082047,47.957314060348544,63.10212209096188,170.70836331248017,22.43709490471681
22.04448372464273,46.80823112228519,50.42323029838239,615.1291405411998,92.84845737715374
25.09854009550458,50.025512892514584,32.009720392919284,34.91155265622381,64.09279695330977
24.381786132483445,56.783607899605975,36.42718338847381,24.971662117049597,55.92310143441007
22.374785567522576,40.99228746677675,58.98393147390516,111.59299995724747,68.66556000062174
22.81049750166889,43.46992100710044,45.1900609167727,801.4457762229537,51.367486152365814
27.507696492110558,42.50972593598301,60.91085678660316,236.93332490664864,74.19145039110983
25.657815548409964,58.58289434423375,45.49290071901256,66.16518883444044,21.532438844100234
28.26858560972753,50.49471275322864,61.00976207339797,234.4256000115147,47.6066996410587
20.30103872211319,59.22984649148224,56.71471626803254,933.2050877593063,41.23971259432579
26.11463611225661,53.56999936585276,42.70198801030354,848.10923501563,95.77291703201982
28.848551176960044,54.78133951878745,41.09858718899816,281.6160421056317,97.06882563568303
20.102844959356922,54.32099946484289,58.24984650221049,622.6895409497974,99.20870768694927
23.118794357637253,46.79943727586496,33.15757611786222,442.7981365437374,40.88388209878785
23.433867021776443,56.691435805112555,67.41938054109983,185.73307200518562,49.80071452427727
29.28630562115394,41.23616921378445,33.69442112445514,162.79098920622937,67.61702673014997
21.504722710059976,59.36152762901467,47.86858109034081,501.5179603501664,39.73268926443252
24.709602524347336,53.23827265274023,60.04708547816171,753.868082709913,66.23128901552707
29.043597749938574,56.34815694612219,60.281924587945014,55.605521680460626,20.550236977571945
22.12447277195473,53.27047187826905,46.44789955530183,402.4062592993117,90.7669510583691
28.95562848131839,58.18350528107172,42.55512306060109,691.0558127392618,41.73065450194957
21.9060983307445,43.69264914694738,43.68430483454376,429.9576197798217,86.47593368440548
21.19891093472712,54.698516947897886,51.25819656757221,287.9453426759925,59.42556676262597
22.999420697770226,51.92163910476612,47.35375691420977,164.40552907887874,29.326645964455736
25.4669568207213,58.04826066572207,43.75830746230742,733.0001072226232,72.69290839518136
29.31554914309481,56.419620345982814,52.66421035621852,657.0304982341073,91.87091732672279
23.99518784586935,46.53589411715555,30.432443345407854,826.5510741914642,84.07845603226919
21.044545181001514,51.537147622654004,48.559267926675496,118.70909550911146,98.44545816485788
22.146958874633555,41.34468360181123,53.79389518007638,738.8666771330327,22.595475683774957
26.587176387270222,50.64583751902909,34.13060035500194,172.52387694636207,65.43794378528644
22.963576135132882,58.76631457302632,62.74960917936203,983.567206513663,40.77366711603312
29.69723632797977,48.624677395831156,43.90075181255018,50.34952696935324,24.221220628768208
26.920112559466546,49.158579888680556,39.06086504144423,613.9703063252326,40.228649460008896
25.776317543444225,47.18417493965381,62.94208906447276,820.6961607667793,58.188031849792104
23.508191093350156,47.25119593118189,62.22858102672872,328.179482797612,36.72474989654768
20.84688341875307,49.33386241768817,49.28528395679368,840.9087104029071,37.69909571568512
23.809912736683998,56.16811477787382,62.94494442995894,384.6110759787682,56.729921862934475
23.03285890849283,58.65109756838624,34.74575062966321,933.7494230014701,74.70931614682746
25.31572152686731,40.65318121568992,49.02384767288033,407.7481050027323,32.897504958009804
26.564096035006568,59.42301814736572,52.487552442581006,714.7532764439458,25.476036205281343
24.176669958169946,42.32716970328992,54.511833421460416,938.4821582141545,72.94221859773108
20.768030483144216,47.093324099701654,52.02653517763406,403.2077561332522,86.69152083801379
28.14671004709989,52.23662040206443,44.93831780530821,255.33637376324413,28.469945457050343
23.54897683486554,48.26345034415439,57.03291700416295,658.1598242975734,25.608651171300558
23.95259315431158,43.63557734434724,36.27250821267223,827.3021497372459,23.353217337300602
24.191828759021213,43.36407311533036,65.17320862713896,557.0405132750351,38.51045091014784
25.024272871663765,54.62972719406232,68.32472035677735,220.44600424541895,90.89454177034762
29.343041141674902,58.32841089064132,55.416574274476396,629.8206544347076,52.25685065470582
27.52397882303788,50.62588036701864,57.09752284913178,428.45790384879547,78.51971712345113
28.244715176045492,42.92872513205632,63.31718862296912,540.2965317903072,87.57327272721794
24.313017063410147,47.5808097076607,66.6024293006889,251.1692675484013,87.53698602289145
24.84020572509404,50.28190885102519,42.33873125957936,573.0422006190157,46.0168957020969
20.392694142416524,45.43997210688712,30.255161736263627,978.3547870568566,97.2597767855798
23.95155297472305,54.56741708679292,43.832243936417,671.093157085976,84.43440344367832
29.467562446922408,48.00424551699344,61.33191931824191,265.92845063211877,99.22658430349186
20.257695987643512,52.07057613002242,56.38023926605308,688.0455570741289,29.631006303127123
29.385297834731304,43.62366558100165,54.910136129593646,222.67607912308495,44.57731336170167
25.464585417281242,48.34386837129153,36.40902403906025,170.93640242084828,53.451583053023974
27.572829782755008,57.95929293695577,33.36510649037531,393.1039075594011,28.01964509783013
20.16592480632598,53.234373652879135,54.09797767866351,163.0191138148862,38.70502664744513
20.237077536445184,56.698944113888075,68.98762384194205,135.4595367946908,38.51801710122385
28.68409523946934,58.529275959123694,46.78509531227241,50.62247226907412,23.151346695425552
25.739498660690103,47.85790217786358,31.14609710310618,583.2523923125568,20.904202927121798
27.87371958149273,46.12865645406743,31.610320120369284,588.3522209831533,51.81475315464438
29.738004133571494,50.88397325007404,41.00956724148033,709.4388646339747,41.719360203416905
29.04243291407565,47.49443941014753,51.99474251104821,50.57310382422886,54.08969903617846
28.32363539660995,56.11297610726684,38.97274235414105,226.07907101056267,85.38442497705894
29.303984201693254,41.90721842546007,48.00234557704901,337.454278964229,89.65507643659515
20.835249146800187,44.22251885116075,60.098733503459776,51.29384898121558,59.40283045714314
24.4210703467972,46.68802357977497,45.78289261275695,529.9405869302329,32.90938867107065
25.719958782835928,56.10864658599973,60.40643719160636,153.8999046937737,31.939957579317912
22.681743677449134,47.22149452682074,46.338223256339305,679.6972168333452,24.534434573266832
20.346727042260664,47.83821125887818,57.88654768551922,193.43534295648257,71.32035850050013
22.598281379402994,57.721722176270326,65.82759777066467,297.28720428132647,38.39950031705924
24.113039720662314,44.81063170360297,56.895353731668145,826.0646845482855,73.84737047289735
28.243504472493495,47.939843244149486,36.25267882835443,737.9509473975921,48.83796041132431
26.712708252291325,45.41287883963531,33.24918539226691,992.5817954877634,32.49612063444794
29.88420993963481,59.545598651328945,61.752724156321584,659.4229620819975,66.22456402008677
28.661015453778347,45.78879043238976,48.70724849939508,619.3899693665019,52.895238069559284
24.27486454090268,46.60569335004169,52.56927266738144,850.574528015116,36.12227024050503
29.344330387534413,53.78175307496459,62.93092850720121,556.1906926300117,82.36133611392508
20.162003973394672,56.3676084955907,31.60555436341466,889.9133763628626,99.35701977909146
22.940674621767776,44.206371125715876,60.61453455432163,253.02634092025323,89.24499065377628
21.028425921574765,42.51910392758717,69.16606220402463,673.8388982700046,87.75097795431623
23.24329377351518,53.52967499041209,53.769673092343886,603.150120122947,74.60259676301773
25.753591731290985,48.58124738605332,41.03690777522188,768.581330913202,38.101794400254896
26.92354306154414,44.66665645298653,55.01320679817815,747.078267129029,37.497111112523136
20.599433008613083,42.61947485988348,54.23987869084102,849.4464062257355,23.59974569883395
27.341512590416464,46.826372919001045,49.141134796780904,928.8595498455657,46.557720378867636
24.65336933939486,40.27364829521362,33.26394880019353,258.59159113478404,22.228179265685952
26.31375326048251,48.52796713603245,51.92580810912088,174.64718589632955,43.67456235492929
26.63824474852725,59.306054472608,32.01667094408837,890.3843208552661,66.15049610489667
25.639195667556237,50.005570704155204,32.77576343616734,89.87685173616067,68.07296045272689
23.409585714355583,58.34536133155361,46.26362149437889,143.2814587026411,77.17750668016288
22.9335342144101,50.509406147117865,57.9133114202068,900.2641112020704,83.3752955841341
26.76361067872724,53.592663647902874,67.83698576128346,295.82409749653607,20.08896753569499
22.719545593981987,44.35782759253488,56.473383404559925,633.7115997655291,67.4769106163779
20.162434432094535,54.57556108901295,42.94121649941966,665.0559890066311,64.52627428017226
23.427309254279074,42.69152534208216,33.77675590641924,831.5183331122236,93.47180336652464
26.497880467642997,42.06868229720967,46.08108867552963,728.9392001051572,82.38567072080545
21.182186222910886,40.00061437690765,58.4854818352242,356.59617598620565,40.35850652946082
20.128974697895256,50.805988135229995,64.04602941703926,957.6316462725879,65.25959604906313
25.144613277398943,41.70112770978482,51.95491206170399,379.97907896539465,68.57082247068615
23.887263478765465,44.80598246900733,33.79861100913506,314.91844458889574,27.73158674302018
21.768969508239838,59.746723171590915,47.76414227626474,531.8717665050166,89.88948229897723
29.95568900490688,51.65428898689363,62.498952841766865,326.94102433667524,44.459516595783285
24.0270372099456,53.45014525347298,57.28766757020395,315.2394346494508,30.656793930930295
26.323962564655087,42.56651724377529,53.1397003291732,693.422128056309,76.04891971155612
27.534721106595967,57.45718843131329,49.99835967859154,730.2491895295711,69.53381882926693
21.866399397976824,40.513792897388164,41.38165542707735,443.0337063376194,69.3684755542925
28.499593305032054,43.924914334123315,35.021991595939085,963.4799474743276,28.643564750112567
24.78491070107189,51.711274575866035,51.65497683629753,86.0321570329432,24.56215312028955
21.054834274610357,51.71175367745225,51.773795505372846,233.74079203674424,71.02193134764732
28.200675020556496,40.83157919693188,49.92519774192169,689.3104121026903,40.184954165574965
23.077709052931493,52.27275805978768,65.91741173774948,809.9244203028993,66.65041752796668
27.30221717757249,47.29644940415597,55.63862112395031,466.181591127557,35.19489091660488
27.01738273877257,51.12929274697644,44.344863278143656,911.3391900786307,21.67472942613866
23.15773151249496,41.13762795555293,60.661092648865086,702.1074541137926,46.50817749890536
26.75662902207073,47.918744523918996,60.25015165689737,454.1836627367061,52.98237822653324
29.34729915488301,45.017581997814005,34.817893599862614,584.5431132594582,97.5457449827343
23.778392137271865,41.240735272575634,43.5722106923827,505.93165431955845,32.9538405305771
26.581022180564922,59.954987780204014,48.06957903925775,354.72855673021263,52.05633334675733
21.151461783952012,57.665472028524476,46.59302622085408,387.27441142484133,72.77522183443794
24.420334209311235,52.96466937615692,32.4578516052315,813.7233437222275,95.2403162303522
26.48765386159386,59.09131857717622,36.05729257479853,477.4161894803537,68.14453871563578
25.817366474211866,48.02923558178087,43.523376374650454,126.8240225504188,51.33939604498225
21.626608151054853,54.68731352984437,38.353237419783596,58.56530528453385,64.18929102537875
25.952297327194017,57.43826122561011,53.079264496707275,345.4808537234457,84.24095052210563
25.40278893187421,41.58560569262384,52.634022412529866,908.0185454216623,51.70501003985764
22.963258018998,42.869389140360404,36.057820877414294,432.7714843418189,67.65438593292237
20.80615405169602,58.79137178050331,60.20534469780784,586.6239182836626,86.27509367511927
20.801867568121132,49.536777554662486,55.20372507446653,828.6529061182893,82.67756480394142
22.770692497133997,58.817603391184086,34.97383365723481,875.1336186211521,97.67521996836949
21.771535232226256,54.441321284075705,31.611420751119937,405.42282513915495,61.302663935813925
25.80645225909634,58.718744964971194,56.89002749176779,481.277951219237,84.77400290127115
29.50532820954409,40.44132297364582,69.30085089024155,86.13213906368034,85.15094234150091
22.803347525514123,42.64359315507743,47.5942255885534,643.9565794476135,50.476147601878
20.54565408282699,51.989222793174335,66.09613104442698,383.2153659472517,37.30662221046616
24.425773459328155,40.96725422097562,62.81950337921099,826.3408109501868,67.04003707437028
23.531028889383894,55.99566728891567,52.187480991534684,825.9323085500162,70.51670340664165
27.844054732127972,51.9712598643552,46.56564272862665,957.9458599261376,63.289105990307576
26.050895185405384,44.40975278829499,55.02603157709106,571.6076494829439,34.78707183576199
20.595870973531436,52.08718639429542,60.54769077401282,523.4013709220083,38.14181002557166
26.66521976693035,41.60211453219205,47.67334819207819,163.3667583984202,34.75672408479067
22.022939491582036,47.73414114087956,32.04600822481591,397.7934409290982,60.936595769176066
24.83294284966325,47.65568200806081,63.5658643228301,145.32669242050412,60.455739502509914
20.620414169565542,41.4231135775582,52.95463398708385,566.018424887821,90.24268102755656
25.578736756600733,59.195820408097006,31.94779393599719,98.00768478074107,23.525268925630513
21.8527685033354,50.82540221883356,55.82288725709712,45.585157948668794,95.67767118764795
28.42165376650381,45.932249643141866,33.087501209058715,169.88707321905727,30.155553100397814
21.232837792989468,50.37123377331468,39.83389769973601,358.13971652914444,99.16042667074579
26.84314248925345,58.97961334094003,35.70226220132462,382.13947483256925,64.37854426258835
20.76758061888738,40.083748872559156,56.817373351876704,641.8195168014354,52.86310479996894
24.896440760320328,48.308860011841794,30.960201793795555,335.37160621746244,34.16658043178319
20.98424189101369,59.13440867778699,53.974389001686625,728.6562842366027,45.2290994612894
23.931471294940152,44.738479877934466,33.87862683861699,179.0316374415838,83.80112362371887
26.77545805183776,50.93857751970954,49.00359491467072,922.4342836561244,25.818795822293474
22.80600813237916,46.99875707141428,61.29703248851151,992.5146201619714,39.253641180572245
28.743073341370806,56.61245520863582,38.986295905670666,399.33258019922255,52.77382954340153
29.78220668526558,43.61783802757797,61.96631884419128,334.1927141731099,78.46962766209283
24.200110042956627,51.5671952623308,63.304470933045245,804.1655649838841,89.31385468317602
20.59617325344659,53.8410110607949,35.59949506887052,415.818568018411,63.88707320437508
24.027394847468308,50.39223351606015,69.86105235194476,135.21731371285472,74.03648362691405
23.96000966385615,42.660195978146575,36.34947053497238,949.2731062456169,90.36811973694097
29.070419604150217,59.83065551654773,38.332615600340716,355.43933736406177,73.53752239398933
24.838025398606472,48.36779066756667,44.312449973423725,593.7806319434522,66.04747429120656
21.6145783406424,49.43479675036878,52.138871048393995,570.2869387313905,36.80857543298814
27.422713922522867,40.503981896421394,44.193274221726504,780.2126485356335,65.11143368443219
22.611624325108604,53.899062386860955,52.69563776624294,796.2436094563872,78.80201489518586
26.101079220362347,49.76355350621628,35.327285026700935,261.33301788538375,53.52795783336682
25.992992870063887,50.2741571043061,41.52738103838118,6.464357789710551,59.69913775206511
22.856259885622432,54.6921660142107,30.95785061081934,584.8278113057909,95.31793900048524
21.744092671114995,49.43298981501191,33.65687967268553,625.6819122613526,64.04253444769805
24.073655242128325,50.427540429474824,65.86298633876041,196.29430231106704,21.80516093642778
28.61664884699101,51.54234164775813,65.62633821847369,596.9452234131726,84.8128871967762
24.29673363355148,54.99719862576538,66.52165867559424,572.1229637222062,34.462812044990365
22.68797615030198,43.972891537948115,39.87428110382932,306.4154493510364,64.41070294025508
25.879916294638328,48.52999494483722,54.616831192833416,81.57492561136593,27.023058964652797
21.718294603576584,50.3615499608069,38.55978714793254,283.2844034925773,52.025026893839524
28.118661240103798,40.2772427182572,55.975152809464895,668.8765310406853,83.89246242853092
29.327529390603132,40.4027569789858,36.15134822052865,886.171294055993,56.68148497496123
25.645906389334634,53.26054407446295,57.1626641798255,931.7404033165082,99.75595339293358
27.201574609309404,45.74442418410302,65.19009609177374,49.220914540761605,38.4864682299597
28.97385717463715,45.1238302887871,38.826042384869936,138.12529314024724,88.72894061175332
25.000582591910867,53.49786406108309,39.562655363001184,758.0404210112165,80.80044359696788
23.125980249083,48.21365266020565,38.38761109720804,976.5610233229042,71.64820616467293
29.345438807155155,46.067710872582666,61.27563651987559,765.858643884742,75.33245214932333
29.656389752668005,47.871106722126314,35.22869294359029,671.7088592440608,78.3447840381765
25.750605734588145,44.13635786266793,50.178237666774216,312.1897365691294,54.19732225333512
26.45218575844664,54.904294853816694,39.288987636053726,405.32536064695336,41.53292567933033
21.98631613861869,55.66774439991677,66.3701077774797,370.23218568457673,80.10231394990134
28.969952893644113,56.92248421060463,37.312535541569034,956.2918815133613,50.134115234357
23.392406611738362,41.24862654555561,49.44694616419532,109.0136156409287,39.88318567419408
23.169426217672815,56.17652646983368,65.01954601583586,302.46631746146966,88.69584969956591
28.572309373697912,55.29301900769747,35.86780456060726,690.322846900729,95.6019251664455
26.82540478767157,46.63233698215668,50.02317269723325,645.7250433510536,60.84563269828028
21.199529417309698,46.24128089304041,62.0958412221453,861.4180460955174,30.98400261724562
29.523867523987246,46.57645235697218,56.4925495492288,751.8251459566811,84.95569877103067
29.4574970222593,46.25839096057645,64.34025818206219,131.68690343620705,76.40327250828742
27.41977729513986,53.55446482402641,40.09258944540612,873.0431470152033,33.5086770696316
20.53634791520831,54.34929981223824,49.019028609309345,849.0980199586761,50.671771284660714
21.682785885077127,56.72884384939739,51.95638526560287,189.19579239035488,77.63071988691566
25.111136384895005,52.0862596448064,48.43593352826328,828.7089838180063,86.36501725464399
27.093888218243862,42.10802754792925,63.55415447616275,671.0129805329099,75.76193328034395
23.629828404038715,57.585591123140134,59.0148640093943,112.59046652919447,52.622242752493015
28.863803619601416,40.94393403394758,68.45666478568198,679.1625683195628,70.51007821147013
22.705592564879915,44.97583577478354,67.68232877954382,298.27245423412273,82.04042373751994
23.93121798207079,42.78508141569408,30.428611907814357,544.2573370152508,98.06230548391461
23.691361938092044,47.1438466798609,43.76366471397768,520.5438373048585,55.253190673943486
28.799146267270146,50.110415834469805,50.31031352754275,138.3715947205566,98.61916327283087
22.499728908688297,41.467281349192056,56.525849959008355,595.3663701568727,53.211652319419656
24.22192233880678,55.701278420928624,37.82850560398596,820.2533189448898,71.89976911160146
24.189697737795242,49.16057233167737,40.26588828744383,752.1143326969748,61.029979384421424
23.208545427498436,51.921002315219006,69.82937808205293,435.26227965655386,93.65531206228957
23.450168399245662,41.09465413849972,38.169684254737156,418.6951433276842,37.57079428756552
20.002270382182555,58.30003075495055,63.75517644923716,742.2922314869471,33.42516765168229
21.20363576209986,41.352094989447664,58.96116755091685,928.8079606878853,54.44286567304296
21.191406719960483,50.24785641464213,43.9532762983452,374.8249243499977,69.70644993245658
27.187181132622023,42.21207197746322,31.423609232259054,994.3303026857149,38.618267913244146
20.53830524908459,43.7975065819184,31.558313853938568,391.81089461717164,84.19214275610594
27.39091421992953,53.73027886086505,62.602884027032275,877.4521266031688,6.71587742938926
25.34966673409444,95.65000288760586,62.322712684640905,320.7245244599576,64.99434992943367
41.05221453540499,41.947337875824424,58.25487987239984,345.57958587081305,20.55858095042785
28.27523693953817,40.011958776695906,42.312766001044764,2204.559859296388,38.68538888548888
24.2815517303012,41.22850258519665,9.774962582088932,363.2727963988995,55.091800019684385
39.71943363402798,56.79995521208687,43.572913426228446,708.8991127733161,99.50271803025376
26.349066591531628,42.476920534116346,8.212501545597043,909.4295036858765,35.21030130549646
35.19843219357941,44.93922333983785,64.38581381410427,168.81000578456417,88.31543057134823
29.347955174927833,58.18404272412974,62.784994781905795,2852.552887135186,35.937574866966116
23.77053931001699,3.35133078609013,51.78221298618702,159.87976336644138,75.29973310287915
27.964405615234774,54.789384664774545,55.82137425642089,2262.3395053996564,63.76362764924622
22.20508787136648,94.69417140530051,68.03274639665726,209.8976295862307,40.873486372013446
28.529263838545813,42.31646164473589,58.23824946320029,503.6886093282389,5.081417186651943
23.42591082811132,52.553377543176175,37.68064338960147,146.02101929696255,9.176472779044335
28.259409191119182,53.931228042880925,99.26308276921196,820.3240881472009,64.94910318476147
25.964670754135437,85.99795185989072,45.28493977839893,132.2687150984817,35.73505578502584
26.00945484537719,53.92159723134078,44.50007938126053,3407.122242554462,36.32701289246082
24.725154428195854,81.44553895146353,50.691739286090126,413.10739772714425,35.94763915769465
43.18235510742254,54.5057416870911,44.41576160216445,87.07120557730819,36.171951938021664
-3.327684682418271,56.97847738952146,45.89085891361839,245.55062594449106,84.98609441976492
27.415661084668297,3.9091600073679977,65.37914910387036,553.993255503131,62.7647375325047
23.278381988500342,47.44164509925792,60.392946337135534,338.82348242280733,7.379277689988003
20.545119274378262,46.28087613836865,94.87384441672043,216.5791856272409,89.81007083887171
22.617511001344823,85.98464008602122,63.17540600569498,190.33697509504753,93.37764734598903
4.02076106032845,54.50222319866632,61.85202653660529,832.9373923186611,98.86145996685929
28.05097312041135,56.90079297793285,45.80213351427184,4021.268689352269,52.15010169893916
25.834215190184352,82.25686374367243,54.768172691686196,480.2942587913558,72.93630763850774
1.4065756804051484,49.65202471323041,38.641257615722886,967.2711903702976,77.21000158535104
-1.9102994618455749,50.50098680490769,58.29115647622669,252.17287749552997,55.738117496211245
20.220858453011797,97.13928829552478,43.34643562534771,387.69515483900676,31.0694560710552
24.923623035196258,54.017313982508576,9.3672455585349,418.29111109348594,44.753023589635546
21.193810113381968,46.55685675771637,62.62981522504484,3420.3069781250642,51.49084162219537
23.40004386059892,57.39299369624342,94.30346532372201,776.7984372086307,87.80381064437891
27.066041289942177,50.706955361233135,55.41293386833284,196.48696695621115,0.4149732550990637
28.365308907609034,54.08670631914361,67.14387526122553,738.7435096159303,2.650812843385726
29.3016520286255,2.4260599601106825,40.356170991725584,52.826686364721986,78.08678811870804
5.91446706549533,52.01166393974272,36.650213213988025,379.73740482164874,69.37553816935734
27.622120583141772,51.83433937784801,37.680934765453785,3807.4075113717995,69.87036527679257
6.61629241909455,45.592726369864124,35.45481309870263,728.0122577961973,85.0518124134388
25.06685790854003,57.12002149786306,59.99814727209631,2209.1582775011884,30.947613326908545
29.22645139603572,50.04743639944191,43.11535976073034,3424.3070181309536,22.93703547864533
28.522123912016742,40.81867888748691,31.986459658388753,2973.8275055304844,25.0485095292437
25.180104313760978,52.28372488638023,39.46439130830029,483.4980851068038,0.7489584200198374
40.669910579392294,56.91334698197543,34.56948554365583,255.3533502289015,86.23811708018012
27.91935622963764,48.04614082764744,99.43778111368368,382.8831472841835,77.52604964086494
21.005627320834442,87.00397362046438,54.66850830587104,860.798936915495,47.695750934426215
28.84807947030651,44.62715284518818,46.16966568428157,993.2651964297465,5.646398578962019
6.3666484056273696,54.0173139448776,41.40823210721656,630.7704201726207,56.451963955190195
37.46898910549362,48.3827234888411,34.53198417593071,171.91255772710434,63.78597474715889
22.203190986219674,50.306103759887534,34.09468338332837,751.7707876829782,7.434351739561944
